{"user1": {"pin": "abc@123", "ano": 1234567894, "balance": 44556509778.00809}, "user2": {"pin": "abc@123", "ano": 1234567893, "balance": 44556509778.00809}, "user3": {"pin": "12345", "ano": 415727952, "balance": 0.0}, "yash": {"pin": "123123", "ano": 5061505199, "balance": 3621.359197254283}}